{
    "variants": {
        "": [
            { "model": "block/bricks" },
            { "model": "block/bricks", "y": 0 },
            { "model": "block/bricks", "y": 0 },
            { "model": "block/bricks", "y": 0 },
			{ "model": "block/bricks1" },
            { "model": "block/bricks1", "y": 0 },
            { "model": "block/bricks1", "y": 0 },
            { "model": "block/bricks1", "y": 0 },
			{ "model": "block/bricks2" },
            { "model": "block/bricks2", "y": 0 },
            { "model": "block/bricks2", "y": 0 },
            { "model": "block/bricks2", "y": 0 },
			{ "model": "block/bricks3" },
            { "model": "block/bricks3", "y": 0 },
            { "model": "block/bricks3", "y": 0 },
            { "model": "block/bricks3", "y": 0 },
			{ "model": "block/bricks4" },
            { "model": "block/bricks4", "y": 0 },
            { "model": "block/bricks4", "y": 0 },
            { "model": "block/bricks4", "y": 0 },
			{ "model": "block/bricks5" },
            { "model": "block/bricks5", "y": 0 },
            { "model": "block/bricks5", "y": 0 },
            { "model": "block/bricks5", "y": 0 }
			
        ]
    }
}