{
    "variants": {
        "": [
            { "model": "block/cut_copper" },
            { "model": "block/cut_copper", "y": 0 },
            { "model": "block/cut_copper", "y": 0 },
            { "model": "block/cut_copper", "y": 0 },
			{ "model": "block/cut_copper1" },
            { "model": "block/cut_copper1", "y": 0 },
            { "model": "block/cut_copper1", "y": 0 },
            { "model": "block/cut_copper1", "y": 0 },
			{ "model": "block/cut_copper2" },
            { "model": "block/cut_copper2", "y": 0 },
            { "model": "block/cut_copper2", "y": 0 },
            { "model": "block/cut_copper2", "y": 0 },
	    { "model": "block/cut_copper3" },
            { "model": "block/cut_copper3", "y": 0 },
            { "model": "block/cut_copper3", "y": 0 },
            { "model": "block/cut_copper3", "y": 0 },
			{ "model": "block/cut_copper4" },
            { "model": "block/cut_copper4", "y": 0 },
            { "model": "block/cut_copper4", "y": 0 },
            { "model": "block/cut_copper4", "y": 0 },
			{ "model": "block/cut_copper5" },
            { "model": "block/cut_copper5", "y": 0 },
            { "model": "block/cut_copper5", "y": 0 },
            { "model": "block/cut_copper5", "y": 0 },
	    { "model": "block/cut_copper6" },
            { "model": "block/cut_copper6", "y": 0 },
            { "model": "block/cut_copper6", "y": 0 },
            { "model": "block/cut_copper6", "y": 0 },
	    { "model": "block/cut_copper7" },
            { "model": "block/cut_copper7", "y": 0 },
            { "model": "block/cut_copper7", "y": 0 },
            { "model": "block/cut_copper7", "y": 0 }
        ]
    }
}