{
    "variants": {
        "": [
            { "model": "block/dead_tube_coral_fan" },
            { "model": "block/dead_tube_coral_fan", "y": 90 },
            { "model": "block/dead_tube_coral_fan", "y": 180 },
            { "model": "block/dead_tube_coral_fan", "y": 270 },
			{ "model": "block/dead_tube_coral_fan1" },
            { "model": "block/dead_tube_coral_fan1", "y": 90 },
            { "model": "block/dead_tube_coral_fan1", "y": 180 },
            { "model": "block/dead_tube_coral_fan1", "y": 270 },
			{ "model": "block/dead_tube_coral_fan2" },
            { "model": "block/dead_tube_coral_fan2", "y": 90 },
            { "model": "block/dead_tube_coral_fan2", "y": 180 },
            { "model": "block/dead_tube_coral_fan2", "y": 270 },
			{ "model": "block/dead_tube_coral_fan3" },
            { "model": "block/dead_tube_coral_fan3", "y": 90 },
            { "model": "block/dead_tube_coral_fan3", "y": 180 },
            { "model": "block/dead_tube_coral_fan3", "y": 270 },
			{ "model": "block/dead_tube_coral_fan4" },
            { "model": "block/dead_tube_coral_fan4", "y": 90 },
            { "model": "block/dead_tube_coral_fan4", "y": 180 },
            { "model": "block/dead_tube_coral_fan4", "y": 270 }
			
        ]
    }
}