{
    "variants": {
        "": [
            { "model": "block/dead_bubble_coral" },
            { "model": "block/dead_bubble_coral", "y": 90 },
            { "model": "block/dead_bubble_coral", "y": 180 },
            { "model": "block/dead_bubble_coral", "y": 270 },
			{ "model": "block/dead_bubble_coral1" },
            { "model": "block/dead_bubble_coral1", "y": 90 },
            { "model": "block/dead_bubble_coral1", "y": 180 },
            { "model": "block/dead_bubble_coral1", "y": 270 },
			{ "model": "block/dead_bubble_coral2" },
            { "model": "block/dead_bubble_coral2", "y": 90 },
            { "model": "block/dead_bubble_coral2", "y": 180 },
            { "model": "block/dead_bubble_coral2", "y": 270 },
			{ "model": "block/dead_bubble_coral3" },
            { "model": "block/dead_bubble_coral3", "y": 90 },
            { "model": "block/dead_bubble_coral3", "y": 180 },
            { "model": "block/dead_bubble_coral3", "y": 270 },
			{ "model": "block/dead_bubble_coral4" },
            { "model": "block/dead_bubble_coral4", "y": 90 },
            { "model": "block/dead_bubble_coral4", "y": 180 },
            { "model": "block/dead_bubble_coral4", "y": 270 }
			
        ]
    }
}