{
    "variants": {
        "": [
            { "model": "block/dead_fire_coral" },
            { "model": "block/dead_fire_coral", "y": 90 },
            { "model": "block/dead_fire_coral", "y": 180 },
            { "model": "block/dead_fire_coral", "y": 270 },
			{ "model": "block/dead_fire_coral1" },
            { "model": "block/dead_fire_coral1", "y": 90 },
            { "model": "block/dead_fire_coral1", "y": 180 },
            { "model": "block/dead_fire_coral1", "y": 270 },
			{ "model": "block/dead_fire_coral2" },
            { "model": "block/dead_fire_coral2", "y": 90 },
            { "model": "block/dead_fire_coral2", "y": 180 },
            { "model": "block/dead_fire_coral2", "y": 270 }
			
        ]
    }
}