{
    "variants": {
        "": [
            { "model": "block/end_stone" },
            { "model": "block/end_stone", "y": 0 },
            { "model": "block/end_stone", "y": 0 },
            { "model": "block/end_stone", "y": 0 },
			{ "model": "block/end_stone1" },
            { "model": "block/end_stone1", "y": 0 },
            { "model": "block/end_stone1", "y": 0 },
            { "model": "block/end_stone1", "y": 0 },
			{ "model": "block/end_stone2" },
            { "model": "block/end_stone2", "y": 0 },
            { "model": "block/end_stone2", "y": 0 },
            { "model": "block/end_stone2", "y": 0 }
			
        ]
    }
}