{
    "variants": {
        "": [
            { "model": "block/exposed_cut_copper" },
            { "model": "block/exposed_cut_copper", "y": 0 },
            { "model": "block/exposed_cut_copper", "y": 0 },
            { "model": "block/exposed_cut_copper", "y": 0 },
			{ "model": "block/exposed_cut_copper1" },
            { "model": "block/exposed_cut_copper1", "y": 0 },
            { "model": "block/exposed_cut_copper1", "y": 0 },
            { "model": "block/exposed_cut_copper1", "y": 0 },
			{ "model": "block/exposed_cut_copper2" },
            { "model": "block/exposed_cut_copper2", "y": 0 },
            { "model": "block/exposed_cut_copper2", "y": 0 },
            { "model": "block/exposed_cut_copper2", "y": 0 }
        ]
    }
}