{
    "variants": {
        "": [
            { "model": "block/nether_bricks" },
            { "model": "block/nether_bricks", "y": 0 },
            { "model": "block/nether_bricks", "y": 0 },
            { "model": "block/nether_bricks", "y": 0 },
			{ "model": "block/nether_bricks1" },
            { "model": "block/nether_bricks1", "y": 0 },
            { "model": "block/nether_bricks1", "y": 0 },
            { "model": "block/nether_bricks1", "y": 0 },
			{ "model": "block/nether_bricks2" },
            { "model": "block/nether_bricks2", "y": 0 },
            { "model": "block/nether_bricks2", "y": 0 },
            { "model": "block/nether_bricks2", "y": 0 }
			
        ]
    }
}