{
    "variants": {
        "facing=east,half=bottom,shape=straight":  [{ "model": "purpur_stairs" },{ "model": "purpur_stairs1" },{ "model": "purpur_stairs2" } ],
        "facing=west,half=bottom,shape=straight":  [{ "model": "purpur_stairs", "y": 180, "uvlock": true },{ "model": "purpur_stairs1", "y": 180, "uvlock": true },{ "model": "purpur_stairs2", "y": 180, "uvlock": true } ],
        "facing=south,half=bottom,shape=straight": [{ "model": "purpur_stairs", "y": 90, "uvlock": true },{"model": "purpur_stairs1", "y": 90, "uvlock": true },{"model": "purpur_stairs2", "y": 90, "uvlock": true } ],
        "facing=north,half=bottom,shape=straight": [{ "model": "purpur_stairs", "y": 270, "uvlock": true },{ "model": "purpur_stairs1", "y": 270, "uvlock": true },{ "model": "purpur_stairs2", "y": 270, "uvlock": true } ],
        "facing=east,half=bottom,shape=outer_right":  { "model": "purpur_outer_stairs" },
        "facing=west,half=bottom,shape=outer_right":  { "model": "purpur_outer_stairs", "y": 180, "uvlock": true },
        "facing=south,half=bottom,shape=outer_right": { "model": "purpur_outer_stairs", "y": 90, "uvlock": true },
        "facing=north,half=bottom,shape=outer_right": { "model": "purpur_outer_stairs", "y": 270, "uvlock": true },
        "facing=east,half=bottom,shape=outer_left":  { "model": "purpur_outer_stairs", "y": 270, "uvlock": true },
        "facing=west,half=bottom,shape=outer_left":  { "model": "purpur_outer_stairs", "y": 90, "uvlock": true },
        "facing=south,half=bottom,shape=outer_left": { "model": "purpur_outer_stairs" },
        "facing=north,half=bottom,shape=outer_left": { "model": "purpur_outer_stairs", "y": 180, "uvlock": true },
        "facing=east,half=bottom,shape=inner_right":  { "model": "purpur_inner_stairs" },
        "facing=west,half=bottom,shape=inner_right":  { "model": "purpur_inner_stairs", "y": 180, "uvlock": true },
        "facing=south,half=bottom,shape=inner_right": { "model": "purpur_inner_stairs", "y": 90, "uvlock": true },
        "facing=north,half=bottom,shape=inner_right": { "model": "purpur_inner_stairs", "y": 270, "uvlock": true },
        "facing=east,half=bottom,shape=inner_left":  { "model": "purpur_inner_stairs", "y": 270, "uvlock": true },
        "facing=west,half=bottom,shape=inner_left":  { "model": "purpur_inner_stairs", "y": 90, "uvlock": true },
        "facing=south,half=bottom,shape=inner_left": { "model": "purpur_inner_stairs" },
        "facing=north,half=bottom,shape=inner_left": { "model": "purpur_inner_stairs", "y": 180, "uvlock": true },
        "facing=east,half=top,shape=straight":  { "model": "purpur_stairs", "x": 180, "uvlock": true },
        "facing=west,half=top,shape=straight":  { "model": "purpur_stairs", "x": 180, "y": 180, "uvlock": true },
        "facing=south,half=top,shape=straight": { "model": "purpur_stairs", "x": 180, "y": 90, "uvlock": true },
        "facing=north,half=top,shape=straight": { "model": "purpur_stairs", "x": 180, "y": 270, "uvlock": true },
        "facing=east,half=top,shape=outer_right":  { "model": "purpur_outer_stairs", "x": 180, "y": 90, "uvlock": true },
        "facing=west,half=top,shape=outer_right":  { "model": "purpur_outer_stairs", "x": 180, "y": 270, "uvlock": true },
        "facing=south,half=top,shape=outer_right": { "model": "purpur_outer_stairs", "x": 180, "y": 180, "uvlock": true },
        "facing=north,half=top,shape=outer_right": { "model": "purpur_outer_stairs", "x": 180, "uvlock": true },
        "facing=east,half=top,shape=outer_left":  { "model": "purpur_outer_stairs", "x": 180, "uvlock": true },
        "facing=west,half=top,shape=outer_left":  { "model": "purpur_outer_stairs", "x": 180, "y": 180, "uvlock": true },
        "facing=south,half=top,shape=outer_left": { "model": "purpur_outer_stairs", "x": 180, "y": 90, "uvlock": true },
        "facing=north,half=top,shape=outer_left": { "model": "purpur_outer_stairs", "x": 180, "y": 270, "uvlock": true },
        "facing=east,half=top,shape=inner_right":  { "model": "purpur_inner_stairs", "x": 180, "y": 90, "uvlock": true },
        "facing=west,half=top,shape=inner_right":  { "model": "purpur_inner_stairs", "x": 180, "y": 270, "uvlock": true },
        "facing=south,half=top,shape=inner_right": { "model": "purpur_inner_stairs", "x": 180, "y": 180, "uvlock": true },
        "facing=north,half=top,shape=inner_right": { "model": "purpur_inner_stairs", "x": 180, "uvlock": true },
        "facing=east,half=top,shape=inner_left":  { "model": "purpur_inner_stairs", "x": 180, "uvlock": true },
        "facing=west,half=top,shape=inner_left":  { "model": "purpur_inner_stairs", "x": 180, "y": 180, "uvlock": true },
        "facing=south,half=top,shape=inner_left": { "model": "purpur_inner_stairs", "x": 180, "y": 90, "uvlock": true },
        "facing=north,half=top,shape=inner_left": { "model": "purpur_inner_stairs", "x": 180, "y": 270, "uvlock": true }
    }
}