{
    "variants": {

	"axis=y":[ { "model": "block/spruce_log", "weight":1 }, { "model": "block/spruce_log1", "weight":1 }, { "model": "block/spruce_log2", "weight":1 }],
	"axis=z":[ { "model": "block/spruce_log", "x": 90, "weight":1 },{ "model": "block/spruce_log1", "x": 90, "weight":1 },{ "model": "block/spruce_log2", "x": 90, "weight":1 }],
	"axis=x":[ { "model": "block/spruce_log", "x": 90, "y": 90, "weight":1 }, { "model": "block/spruce_log1", "x": 90, "y": 90, "weight":1 }, { "model": "block/spruce_log2", "x": 90, "y": 90, "weight":1 }]
    }
}