{
    "variants": {
        "": [
            { "model": "block/stone_bricks" },
            { "model": "block/stone_bricks", "y": 0 },
            { "model": "block/stone_bricks", "y": 0 },
            { "model": "block/stone_bricks", "y": 0 },
			{ "model": "block/stone_bricks1" },
            { "model": "block/stone_bricks1", "y": 0 },
            { "model": "block/stone_bricks1", "y": 0 },
            { "model": "block/stone_bricks1", "y": 0 },
			{ "model": "block/stone_bricks2" },
            { "model": "block/stone_bricks2", "y": 0 },
            { "model": "block/stone_bricks2", "y": 0 },
            { "model": "block/stone_bricks2", "y": 0 },
			{ "model": "block/stone_bricks3" },
            { "model": "block/stone_bricks3", "y": 0 },
            { "model": "block/stone_bricks3", "y": 0 },
            { "model": "block/stone_bricks3", "y": 0 },
			{ "model": "block/stone_bricks4" },
            { "model": "block/stone_bricks4", "y": 0 },
            { "model": "block/stone_bricks4", "y": 0 },
            { "model": "block/stone_bricks4", "y": 0 },
			{ "model": "block/stone_bricks5" },
            { "model": "block/stone_bricks5", "y": 0 },
            { "model": "block/stone_bricks5", "y": 0 },
            { "model": "block/stone_bricks5", "y": 0 }
			
        ]
    }
}