{
    "variants": {
        "": [
            { "model": "block/weathered_cut_copper" },
            { "model": "block/weathered_cut_copper", "y": 0 },
            { "model": "block/weathered_cut_copper", "y": 0 },
            { "model": "block/weathered_cut_copper", "y": 0 },
			{ "model": "block/weathered_cut_copper1" },
            { "model": "block/weathered_cut_copper1", "y": 0 },
            { "model": "block/weathered_cut_copper1", "y": 0 },
            { "model": "block/weathered_cut_copper1", "y": 0 },
			{ "model": "block/weathered_cut_copper2" },
            { "model": "block/weathered_cut_copper2", "y": 0 },
            { "model": "block/weathered_cut_copper2", "y": 0 },
            { "model": "block/weathered_cut_copper2", "y": 0 },
	    { "model": "block/weathered_cut_copper3" },
            { "model": "block/weathered_cut_copper3", "y": 0 },
            { "model": "block/weathered_cut_copper3", "y": 0 },
            { "model": "block/weathered_cut_copper3", "y": 0 },
			{ "model": "block/weathered_cut_copper4" },
            { "model": "block/weathered_cut_copper4", "y": 0 },
            { "model": "block/weathered_cut_copper4", "y": 0 },
            { "model": "block/weathered_cut_copper4", "y": 0 },
			{ "model": "block/weathered_cut_copper5" },
            { "model": "block/weathered_cut_copper5", "y": 0 },
            { "model": "block/weathered_cut_copper5", "y": 0 },
            { "model": "block/weathered_cut_copper5", "y": 0 }
        ]
    }
}