{
	"blank": {
		"category": "master",
		"sounds": [
			{
				"name": "blank",
				"stream": true
			}
		]
	},
	"block.tripwire.click_on": {
		"category": "block",
		"replace": true,
		"sounds": [
			"blank"
		]
	},
	"block.nether_bricks.step": {
		"category": "block",
		"replace": true,
		"sounds": [
			"step/grass2",
			"step/grass3",
			"step/grass1"
		]
	},
	"block.nether_bricks.hit": {
		"category": "block",
		"replace": true,
		"sounds": [
			"dig/grass2",
			"dig/grass3",
			"dig/grass1"
		]
	},
	"block.nether_bricks.break": {
		"category": "block",
		"replace": true,
		"sounds": [
			"block/moss/break2",
			"block/moss/break3",
			"block/moss/break1"
		]
	},
	"block.nether_bricks.place": {
		"category": "block",
		"replace": true,
		"sounds": [
			"block/moss/break2",
			"block/moss/break3",
			"block/moss/break1"
		]
	},
	"block.copper.step": {
		"category": "block",
		"replace": true,
		"sounds": [
			"block/deepslate/step",
			"block/deepslate/step1",
			"block/deepslate/step2"
		]
	},
	"block.copper.hit": {
		"category": "block",
		"replace": true,
		"sounds": [
			"dig/stone2",
			"dig/stone3",
			"dig/stone1"
		]
	},
	"block.copper.break": {
		"category": "block",
		"replace": true,
		"sounds": [
			"block/deepslate/break2",
			"block/deepslate/break3",
			"block/deepslate/break1"
		]
	},
	"block.copper.place": {
		"category": "block",
		"replace": true,
		"sounds": [
			"block/deepslate/place2",
			"block/deepslate/place3",
			"block/deepslate/place1"
		]
	}
}