{
 "parent": "item/generated",
 "textures": {
 "layer0": "item/gunpowder"
 },
 
 "overrides": [
   {"predicate": {"custom_model_data":1000001}, "model": "item/iron_ore_custom"},
   {"predicate": {"custom_model_data":1000002}, "model": "item/silver_ore"},
   {"predicate": {"custom_model_data":1000003}, "model": "item/gold_ore_custom"},
   {"predicate": {"custom_model_data":1000004}, "model": "item/ruby"},
   {"predicate": {"custom_model_data":1000005}, "model": "item/saphire"},
   {"predicate": {"custom_model_data":1000006}, "model": "item/amber"},
   {"predicate": {"custom_model_data":1000007}, "model": "item/tin_ore"},
   {"predicate": {"custom_model_data":1000008}, "model": "item/copper_ore"}
 ]
}