{
 "textures": {
 "layer0": "item/paper"
 },
 
 "overrides": [
   {"predicate": {"custom_model_data":1000000}, "model": "item/progress_arrow_0"},
   {"predicate": {"custom_model_data":1000001}, "model": "item/progress_arrow_1"},
   {"predicate": {"custom_model_data":1000002}, "model": "item/progress_arrow_2"},
   {"predicate": {"custom_model_data":1000003}, "model": "item/progress_arrow_3"},
   {"predicate": {"custom_model_data":1000004}, "model": "item/progress_arrow_4"},
   {"predicate": {"custom_model_data":1000005}, "model": "item/progress_arrow_5"},
   {"predicate": {"custom_model_data":1000006}, "model": "item/progress_arrow_6"},
   {"predicate": {"custom_model_data":1000007}, "model": "item/progress_arrow_7"},
   {"predicate": {"custom_model_data":1000008}, "model": "item/progress_arrow_8"},
   {"predicate": {"custom_model_data":1000009}, "model": "item/progress_arrow_9"},
   {"predicate": {"custom_model_data":1000010}, "model": "item/progress_arrow_10"},
   {"predicate": {"custom_model_data":1000011}, "model": "item/progress_arrow_11"},
   {"predicate": {"custom_model_data":1000012}, "model": "item/progress_arrow_12"},
   {"predicate": {"custom_model_data":1000013}, "model": "item/progress_arrow_13"},
   {"predicate": {"custom_model_data":1000014}, "model": "item/progress_arrow_14"},
   {"predicate": {"custom_model_data":1000015}, "model": "item/progress_arrow_15"},
   {"predicate": {"custom_model_data":1000016}, "model": "item/progress_arrow_16"},
   {"predicate": {"custom_model_data":1000017}, "model": "item/progress_arrow_17"},
   {"predicate": {"custom_model_data":1000018}, "model": "item/progress_arrow_18"},
   {"predicate": {"custom_model_data":1000019}, "model": "item/progress_arrow_19"},
   {"predicate": {"custom_model_data":1000020}, "model": "item/progress_arrow_20"},
   {"predicate": {"custom_model_data":1000021}, "model": "item/progress_arrow_21"},
   {"predicate": {"custom_model_data":1000022}, "model": "item/progress_arrow_22"},
   {"predicate": {"custom_model_data":1000023}, "model": "item/progress_arrow_23"},
   {"predicate": {"custom_model_data":1000024}, "model": "item/progress_arrow_24"},
   {"predicate": {"custom_model_data":1000025}, "model": "item/progress_arrow_25"},
   {"predicate": {"custom_model_data":1000026}, "model": "item/progress_arrow_26"},
   {"predicate": {"custom_model_data":1000027}, "model": "item/progress_arrow_27"},
   {"predicate": {"custom_model_data":1000028}, "model": "item/progress_arrow_28"},
   {"predicate": {"custom_model_data":1000029}, "model": "item/progress_arrow_29"},
   {"predicate": {"custom_model_data":1000030}, "model": "item/progress_arrow_30"},
   {"predicate": {"custom_model_data":1000031}, "model": "item/progress_arrow_31"},
   {"predicate": {"custom_model_data":1000032}, "model": "item/progress_arrow_32"},
   {"predicate": {"custom_model_data":1000033}, "model": "item/progress_arrow_33"},
   {"predicate": {"custom_model_data":1000034}, "model": "gui/custom_furnace_gui"}
 ]
}